Rk,Player,Pos,SquadCode,Country,Age,Club,Born,MP,Starts,Min,90s,GA,GA90,SoTA,Saves,Save_Pct,W,D,L,CS,CS_Pct,PKatt,PKA,PKsv,PKm,PK_Save_Pct,Stage,Save_Pct_calc,SoTA90,Saves90,GA90_calc,Confederation,ConfGroup,reached_knockout,ClubCountryCode,plays_abroad,is_number_one,eligible_perf,eligible_rate
1,Yazeed Abulaila,GK,jo,Jordan,33,1.jo Al-Hussein SC,1993,3,3,270,3.0,8,2.67,16,8,50.0,0,0,3,0,0.0,2,2,0,0,0.0,Group stage only,50.0,5.333333333333333,2.6666666666666665,2.6666666666666665,AFC,Rest of world,False,jo,False,True,True,True
2,Mahmoud Abunada,GK,qa,Qatar,26,1.qa Al Rayyan SC,2000,3,3,270,3.0,10,3.33,22,12,54.5,0,1,2,0,0.0,1,1,0,0,0.0,Group stage only,54.54545454545454,7.333333333333333,4.0,3.3333333333333335,AFC,Rest of world,False,qa,False,True,True,True
3,Alisson,GK,br,Brazil,33,1.eng Liverpool,1992,5,5,450,5.0,4,0.8,18,14,77.8,3,1,1,2,40.0,0,0,0,0,,Knockout,77.77777777777779,3.6,2.8,0.8,CONMEBOL,UEFA/CONMEBOL,True,eng,True,True,True,True
4,Benjamin Asare,GK,gh,Ghana,33,1.gh Accra Hearts of Oak,1992,3,2,225,2.5,2,0.8,10,8,80.0,0,1,1,2,100.0,0,0,0,0,,Group stage only,80.0,4.0,3.2,0.8,CAF,Rest of world,False,gh,False,True,True,True
5,Lawrence Ati-Zigi,GK,gh,Ghana,29,1.ch St. Gallen,1996,2,2,135,1.5,1,0.67,9,8,88.9,1,0,1,1,50.0,0,0,0,0,,Group stage only,88.88888888888889,6.0,5.333333333333333,0.6666666666666666,CAF,Rest of world,False,ch,True,False,True,True
6,Ahmed Basil,GK,iq,Iraq,29,1.iq Al-Shorta,1996,2,2,135,1.5,4,2.67,7,3,42.9,0,0,2,0,0.0,0,0,0,0,,Group stage only,42.857142857142854,4.666666666666667,2.0,2.6666666666666665,AFC,Rest of world,False,iq,False,True,True,True
7,Patrick Beach,GK,au,Australia,22,1.au Melb City,2003,4,4,388,4.3,3,0.7,17,14,82.4,1,2,1,2,50.0,0,0,0,0,,Knockout,82.35294117647058,3.9534883720930236,3.255813953488372,0.6976744186046512,AFC,Rest of world,True,au,False,True,True,True
8,Alireza Beiranvand,GK,ir,IR Iran,33,1.ir Tractor,1992,3,3,270,3.0,3,1.0,18,15,83.3,0,3,0,1,33.3,0,0,0,0,,Group stage only,83.33333333333334,6.0,5.0,1.0,AFC,Rest of world,False,ir,False,True,True,True
9,Oussama Benbot,GK,dz,Algeria,31,1.dz USM Alger,1994,1,1,90,1.0,3,3.0,3,0,0.0,0,1,0,0,0.0,0,0,0,0,,Group stage only,0.0,3.0,0.0,3.0,CAF,Rest of world,False,dz,False,False,False,True
10,Yassine Bounou,GK,ma,Morocco,35,1.sa Al-Hilal,1991,6,6,570,6.3,6,0.95,20,14,70.0,3,2,1,2,33.3,1,0,1,0,100.0,Knockout,70.0,3.174603174603175,2.2222222222222223,0.9523809523809524,CAF,Rest of world,True,sa,True,True,True,True
11,Uğurcan Çakır,GK,tr,Türkiye,30,1.tr Galatasaray,1996,3,3,270,3.0,5,1.67,13,8,61.5,1,0,2,0,0.0,0,0,0,0,,Group stage only,61.53846153846154,4.333333333333333,2.6666666666666665,1.6666666666666667,UEFA,UEFA/CONMEBOL,False,tr,False,True,True,True
12,Mouhib Chamakh,GK,tn,Tunisia,24,1.tn Club Africain,2001,1,1,90,1.0,5,5.0,6,1,16.7,0,0,1,0,0.0,0,0,0,0,,Group stage only,16.666666666666664,6.0,1.0,5.0,CAF,Rest of world,False,tn,False,False,True,True
13,Diogo Costa,GK,pt,Portugal,26,1.pt Porto,1999,5,5,450,5.0,3,0.6,22,19,86.4,2,2,1,2,40.0,0,0,0,0,,Knockout,86.36363636363636,4.4,3.8,0.6,UEFA,UEFA/CONMEBOL,True,pt,False,True,True,True
14,Thibaut Courtois,GK,be,Belgium,34,1.es Real Madrid,1992,6,6,550,6.1,6,0.98,20,14,70.0,3,2,1,1,16.7,0,0,0,0,,Knockout,70.0,3.278688524590164,2.295081967213115,0.9836065573770493,UEFA,UEFA/CONMEBOL,True,es,True,True,True,True
15,Maxime Crépeau,GK,ca,Canada,32,1.us Orlando City,1994,5,5,450,5.0,6,1.2,12,6,50.0,2,1,2,2,40.0,0,0,0,0,,Knockout,50.0,2.4,1.2,1.2,CONCACAF,Rest of world,True,us,True,True,True,True
16,Max Crocombe,GK,nz,New Zealand,32,2.eng Millwall,1993,3,3,270,3.0,10,3.33,21,11,52.4,0,1,2,0,0.0,0,0,0,0,,Group stage only,52.38095238095239,7.0,3.6666666666666665,3.3333333333333335,OFC,Rest of world,False,eng,True,True,True,True
17,Aymen Dahmen,GK,tn,Tunisia,29,1.tn Ahly Sfaxien,1997,2,2,180,2.0,7,3.5,12,5,41.7,0,0,2,0,0.0,0,0,0,0,,Group stage only,41.66666666666667,6.0,2.5,3.5,CAF,Rest of world,False,tn,False,True,True,True
18,Mory Diaw,GK,sn,Senegal,32,1.fr Le Havre,1993,3,2,238,2.6,3,1.13,7,4,57.1,1,0,1,1,50.0,1,1,0,0,0.0,Group stage only,57.14285714285714,2.692307692307692,1.5384615384615383,1.1538461538461537,CAF,Rest of world,False,fr,True,True,True,True
19,Yahia Fofana,GK,ci,Côte d'Ivoire,25,1.tr Rizespor,2000,4,4,360,4.0,4,1.0,13,9,69.2,2,0,2,2,50.0,0,0,0,0,,Knockout,69.23076923076923,3.25,2.25,1.0,CAF,Rest of world,True,tr,True,True,True,True
20,Matt Freese,GK,us,USA,27,1.us NYCFC,1998,4,4,360,4.0,5,1.25,13,8,61.5,3,0,1,2,50.0,0,0,0,0,,Knockout,61.53846153846154,3.25,2.0,1.25,CONCACAF,Rest of world,True,us,False,True,True,True
21,Hernán Galíndez,GK,ec,Ecuador,39,1.ar Huracán,1987,4,4,360,4.0,4,1.0,13,9,69.2,1,1,2,1,25.0,0,0,0,0,,Knockout,69.23076923076923,3.25,2.25,1.0,CONMEBOL,UEFA/CONMEBOL,True,ar,True,True,True,True
22,Orlando Gill,GK,py,Paraguay,26,1.py San Lorenzo,2000,5,5,480,5.3,6,1.13,29,23,79.3,1,2,2,2,40.0,1,1,0,0,0.0,Knockout,79.3103448275862,5.471698113207547,4.339622641509434,1.1320754716981132,CONMEBOL,UEFA/CONMEBOL,True,py,False,True,True,True
23,Angus Gunn,GK,sct,Scotland,30,1.eng Nottingham,1996,3,3,270,3.0,4,1.33,12,8,66.7,1,0,2,1,33.3,0,0,0,0,,Group stage only,66.66666666666666,4.0,2.6666666666666665,1.3333333333333333,UEFA,UEFA/CONMEBOL,False,eng,True,True,True,True
24,Jalal Hassan,GK,iq,Iraq,35,1.iq Al-Zawra'a SC,1991,2,1,135,1.5,8,5.33,16,8,50.0,0,0,1,0,0.0,0,0,0,0,,Group stage only,50.0,10.666666666666666,5.333333333333333,5.333333333333333,AFC,Rest of world,False,iq,False,True,True,True
25,Dean Henderson,GK,eng,England,29,1.eng Crystal Palace,1997,1,1,90,1.0,4,4.0,9,5,55.6,1,0,0,0,0.0,0,0,0,0,,Group stage only,55.55555555555556,9.0,5.0,4.0,UEFA,UEFA/CONMEBOL,False,eng,False,False,True,True
26,Gregor Kobel,GK,ch,Switzerland,28,1.de Dortmund,1997,6,6,600,6.7,6,0.9,26,20,76.9,3,2,1,2,33.3,0,0,0,0,,Knockout,76.92307692307693,3.8805970149253732,2.9850746268656714,0.8955223880597015,UEFA,UEFA/CONMEBOL,True,de,True,True,True,True
27,Matej Kovar,GK,cz,Czechia,26,1.nl PSV,2000,3,3,270,3.0,6,2.0,15,9,60.0,0,1,2,0,0.0,1,1,0,0,0.0,Group stage only,60.0,5.0,3.0,2.0,UEFA,UEFA/CONMEBOL,False,nl,True,True,True,True
28,Senne Lammens,GK,be,Belgium,23,1.eng Manchester Utd,2002,1,0,20,0.2,1,4.5,3,2,66.7,0,0,0,0,,0,0,0,0,,Group stage only,66.66666666666666,15.0,10.0,5.0,UEFA,UEFA/CONMEBOL,False,eng,True,False,False,False
29,Dominik Livaković,GK,hr,Croatia,31,1.hr Dinamo Zagreb,1995,4,4,360,4.0,7,1.75,17,10,58.8,2,0,2,1,25.0,2,2,0,0,0.0,Knockout,58.82352941176471,4.25,2.5,1.75,UEFA,UEFA/CONMEBOL,True,hr,False,True,True,True
30,Mike Maignan,GK,fr,France,30,1.it Milan,1995,8,8,720,8.0,10,1.25,22,12,54.5,6,0,2,4,50.0,3,2,1,0,33.3,Knockout,54.54545454545454,2.75,1.5,1.25,UEFA,UEFA/CONMEBOL,True,it,True,True,True,True
31,Emiliano Martínez,GK,ar,Argentina,33,1.eng Aston Villa,1992,8,8,810,9.0,8,0.89,28,20,71.4,7,0,1,2,25.0,0,0,0,0,,Knockout,71.42857142857143,3.111111111111111,2.2222222222222223,0.8888888888888888,CONMEBOL,UEFA/CONMEBOL,True,eng,True,True,True,True
32,Édouard Mendy,GK,sn,Senegal,34,1.sa Al-Ahli,1992,2,2,152,1.7,6,3.55,14,8,57.1,0,0,2,0,0.0,0,0,0,0,,Group stage only,57.14285714285714,8.23529411764706,4.705882352941177,3.5294117647058822,CAF,Rest of world,False,sa,True,False,True,True
33,Orlando Mosquera,GK,pa,Panama,31,1.sa Al-Fayha,1994,3,3,270,3.0,4,1.33,11,7,63.6,0,0,3,0,0.0,0,0,0,0,,Group stage only,63.63636363636363,3.6666666666666665,2.3333333333333335,1.3333333333333333,CONCACAF,Rest of world,False,sa,True,True,True,True
34,Lionel Mpasi,GK,cd,Congo DR,31,1.fr Le Havre,1994,4,4,360,4.0,5,1.25,19,14,73.7,1,1,2,0,0.0,0,0,0,0,,Knockout,73.68421052631578,4.75,3.5,1.25,CAF,Rest of world,True,fr,True,True,True,True
35,Fernando Muslera,GK,uy,Uruguay,39,1.tr Galatasaray,1986,3,3,225,2.5,4,1.6,8,4,50.0,0,2,1,0,0.0,0,0,0,0,,Group stage only,50.0,3.2,1.6,1.6,CONMEBOL,UEFA/CONMEBOL,False,tr,True,True,True,True
36,Abduvohid Nematov,GK,uz,Uzbekistan,25,1.uz FC Nasaf,2001,2,2,180,2.0,8,4.0,13,5,38.5,0,0,2,0,0.0,1,1,0,0,0.0,Group stage only,38.46153846153847,6.5,2.5,4.0,AFC,Rest of world,False,uz,False,True,True,True
37,Manuel Neuer,GK,de,Germany,40,1.de Bayern Munich,1986,4,4,390,4.3,5,1.15,10,5,50.0,2,1,1,0,0.0,0,0,0,0,,Knockout,50.0,2.3255813953488373,1.1627906976744187,1.1627906976744187,UEFA,UEFA/CONMEBOL,True,de,False,True,True,True
38,Kristoffer Nordfeldt,GK,se,Sweden,36,1.se AIK Stockholm,1989,2,2,180,2.0,6,3.0,9,3,33.3,1,0,1,0,0.0,0,0,0,0,,Group stage only,33.33333333333333,4.5,1.5,3.0,UEFA,UEFA/CONMEBOL,False,se,False,True,True,True
39,Ørjan Nyland,GK,no,Norway,35,1.es Sevilla,1990,5,5,480,5.3,7,1.31,22,15,68.2,4,0,1,0,0.0,2,1,1,0,50.0,Knockout,68.18181818181817,4.150943396226415,2.8301886792452833,1.3207547169811322,UEFA,UEFA/CONMEBOL,True,es,True,True,True,True
40,Guillermo Ochoa,GK,mx,Mexico,40,1.cy AEL Limassol,1985,1,0,13,0.1,0,0.0,0,0,,0,0,0,1,,0,0,0,0,,Group stage only,,0.0,0.0,0.0,CONCACAF,Rest of world,False,cy,True,False,False,False
41,Mohammed Al-Owais,GK,sa,Saudi Arabia,34,1.sa Al-Ula,1991,3,3,270,3.0,5,1.67,21,16,76.2,0,2,1,1,33.3,0,0,0,0,,Group stage only,76.19047619047619,7.0,5.333333333333333,1.6666666666666667,AFC,Rest of world,False,sa,False,True,True,True
42,Jordan Pickford,GK,eng,England,32,1.eng Everton,1994,7,7,660,7.3,8,1.09,23,15,65.2,5,1,1,2,28.6,1,1,0,0,0.0,Knockout,65.21739130434783,3.1506849315068495,2.0547945205479454,1.095890410958904,UEFA,UEFA/CONMEBOL,True,eng,False,True,True,True
43,Johny Placide,GK,ht,Haiti,38,2.fr Bastia,1988,3,3,270,3.0,8,2.67,19,11,57.9,0,0,3,0,0.0,0,0,0,0,,Group stage only,57.89473684210527,6.333333333333333,3.6666666666666665,2.6666666666666665,CONCACAF,Rest of world,False,fr,True,True,True,True
44,Raúl Rangel,GK,mx,Mexico,26,1.mx Guadalajara,2000,5,5,437,4.9,3,0.62,11,8,72.7,4,0,1,4,80.0,1,1,0,0,0.0,Knockout,72.72727272727273,2.2448979591836733,1.6326530612244896,0.6122448979591836,CONCACAF,Rest of world,True,mx,False,True,True,True
45,Sergio Rochet,GK,uy,Uruguay,33,1.br Internacional,1993,1,0,45,0.5,0,0.0,0,0,,0,0,0,0,,0,0,0,0,,Group stage only,,0.0,0.0,0.0,CONMEBOL,UEFA/CONMEBOL,False,br,True,False,False,False
46,Eloy Room,GK,cw,Curaçao,37,2.us Miami FC,1989,3,3,270,3.0,9,3.0,29,20,69.0,0,1,2,1,33.3,1,1,0,0,0.0,Group stage only,68.96551724137932,9.666666666666666,6.666666666666667,3.0,CONCACAF,Rest of world,False,us,True,True,True,True
47,Mathew Ryan,GK,au,Australia,34,1.es Levante,1992,1,0,2,0.0,0,0.0,0,0,,0,0,0,0,,0,0,0,0,,Group stage only,,,,,AFC,Rest of world,False,es,True,False,False,False
48,Alexander Schlager,GK,at,Austria,30,1.at RB Salzburg,1996,4,4,360,4.0,9,2.25,22,13,59.1,1,1,2,0,0.0,1,0,0,1,,Knockout,59.09090909090909,5.5,3.25,2.25,UEFA,UEFA/CONMEBOL,True,at,False,True,True,True
49,Egil Selvik,GK,no,Norway,28,2.eng Watford,1997,1,1,90,1.0,4,4.0,9,5,55.6,0,0,1,0,0.0,0,0,0,0,,Group stage only,55.55555555555556,9.0,5.0,4.0,UEFA,UEFA/CONMEBOL,False,eng,True,False,True,True
50,Kim Seung-gyu,GK,kr,Korea Republic,35,1.jp FC Tokyo,1990,3,3,270,3.0,3,1.0,12,9,75.0,1,0,2,0,0.0,0,0,0,0,,Group stage only,75.0,4.0,3.0,1.0,AFC,Rest of world,False,jp,True,True,True,True
51,Mostafa Shobeir,GK,eg,Egypt,26,1.eg Al Ahly,2000,5,5,480,5.3,7,1.31,19,12,63.2,1,3,1,0,0.0,2,0,2,0,100.0,Knockout,63.1578947368421,3.5849056603773586,2.2641509433962264,1.3207547169811322,CAF,Rest of world,True,eg,False,True,True,True
52,Unai Simón,GK,es,Spain,29,1.es Athletic Club,1997,8,8,750,8.3,1,0.12,11,9,90.9,7,1,0,7,87.5,0,0,0,0,,Knockout,90.9090909090909,1.325301204819277,1.0843373493975903,0.12048192771084336,UEFA,UEFA/CONMEBOL,True,es,False,True,True,True
53,Zion Suzuki,GK,jp,Japan,23,1.it Parma,2002,4,4,360,4.0,5,1.25,17,12,70.6,1,2,1,1,25.0,0,0,0,0,,Knockout,70.58823529411765,4.25,3.0,1.25,AFC,Rest of world,True,it,True,True,True,True
54,Matt Turner,GK,us,USA,31,1.us NE Revolution,1994,1,1,90,1.0,3,3.0,3,0,0.0,0,0,1,0,0.0,0,0,0,0,,Group stage only,0.0,3.0,0.0,3.0,CONCACAF,Rest of world,False,us,False,False,False,True
55,Camilo Vargas,GK,co,Colombia,37,1.mx Atlas,1989,5,5,480,5.3,1,0.19,7,6,85.7,3,2,0,4,80.0,0,0,0,0,,Knockout,85.71428571428571,1.3207547169811322,1.1320754716981132,0.18867924528301888,CONMEBOL,UEFA/CONMEBOL,True,mx,True,True,True,True
56,Nikola Vasilj,GK,ba,Bosnia–Herz,30,1.de St Pauli,1995,4,4,360,4.0,8,2.0,14,6,42.9,1,1,2,0,0.0,1,1,0,0,0.0,Knockout,42.857142857142854,3.5,1.5,2.0,UEFA,UEFA/CONMEBOL,True,de,True,True,True,True
57,Bart Verbruggen,GK,nl,Netherlands,23,1.eng Brighton,2002,4,4,390,4.3,5,1.15,21,16,76.2,2,2,0,0,0.0,0,0,0,0,,Knockout,76.19047619047619,4.883720930232558,3.7209302325581395,1.1627906976744187,UEFA,UEFA/CONMEBOL,True,eng,True,True,True,True
58,Vozinha,GK,cv,Cabo Verde,40,2.pt Chaves,1986,4,4,390,4.3,5,1.15,23,18,78.3,0,3,1,2,50.0,0,0,0,0,,Knockout,78.26086956521739,5.348837209302326,4.186046511627907,1.1627906976744187,CAF,Rest of world,True,pt,True,True,True,True
59,Jacob Widell Zetterström,GK,se,Sweden,27,2.eng Derby County,1998,2,2,180,2.0,4,2.0,15,11,73.3,0,1,1,0,0.0,0,0,0,0,,Group stage only,73.33333333333333,7.5,5.5,2.0,UEFA,UEFA/CONMEBOL,False,eng,True,True,True,True
60,Ronwen Williams,GK,za,South Africa,34,1.za Sundowns,1992,4,4,360,4.0,4,1.0,15,11,73.3,1,1,2,1,25.0,0,0,0,0,,Knockout,73.33333333333333,3.75,2.75,1.0,CAF,Rest of world,True,za,False,True,True,True
61,Utkir Yusupov,GK,uz,Uzbekistan,35,1.uz Navbahor,1991,1,1,90,1.0,3,3.0,4,1,25.0,0,0,1,0,0.0,0,0,0,0,,Group stage only,25.0,4.0,1.0,3.0,AFC,Rest of world,False,uz,False,False,False,True
62,Luca Zidane,GK,dz,Algeria,28,2.es Granada,1998,3,3,270,3.0,6,2.0,14,8,57.1,1,0,2,0,0.0,0,0,0,0,,Group stage only,57.14285714285714,4.666666666666667,2.6666666666666665,2.0,CAF,Rest of world,False,es,True,True,True,True
