match_id,round,matchweek,date,kickoff_local,home_team,away_team,home_goals,away_goals,pens_home,pens_away,goal_difference,total_goals,attendance,venue,referee,went_to_extra_time,went_to_pens,is_knockout,home_is_host,away_is_host
1,Group stage,1.0,2026-06-11,13:00,Mexico,South Africa,2,0,,,2,2,80824,Estadio Banorte,Wilton Sampaio,False,False,False,True,False
2,Group stage,1.0,2026-06-11,20:00,Korea Republic,Czechia,2,1,,,1,3,44985,Estadio Akron,Amin Omar,False,False,False,False,False
3,Group stage,1.0,2026-06-12,15:00,Canada,Bosnia–Herz,1,1,,,0,2,43002,BMO Field,Facundo Tello,False,False,False,True,False
4,Group stage,1.0,2026-06-12,18:00,USA,Paraguay,4,1,,,3,5,70492,SoFi Stadium,Danny Makkelie,False,False,False,True,False
5,Group stage,1.0,2026-06-13,12:00,Qatar,Switzerland,1,1,,,0,2,67966,Levi's Stadium,Said Martínez,False,False,False,False,False
6,Group stage,1.0,2026-06-13,18:00,Brazil,Morocco,1,1,,,0,2,80663,MetLife Stadium,Slavko Vinčič,False,False,False,False,False
7,Group stage,1.0,2026-06-13,21:00,Australia,Türkiye,2,0,,,2,2,52497,BC Place Stadium,Jesús Valenzuela,False,False,False,False,False
8,Group stage,1.0,2026-06-13,21:00,Haiti,Scotland,0,1,,,-1,1,64146,Gillette Stadium,Mustapha Ghorbal,False,False,False,False,False
9,Group stage,1.0,2026-06-14,12:00,Germany,Curaçao,7,1,,,6,8,68021,Reliant Stadium,Jalal Jiyed,False,False,False,False,False
10,Group stage,1.0,2026-06-14,15:00,Netherlands,Japan,2,2,,,0,4,69285,AT&T Stadium,Ismail Elfath,False,False,False,False,False
11,Group stage,1.0,2026-06-14,19:00,Côte d'Ivoire,Ecuador,1,0,,,1,1,68274,Lincoln Financial Field,François Letexier,False,False,False,False,False
12,Group stage,1.0,2026-06-14,20:00,Sweden,Tunisia,5,1,,,4,6,50987,Estadio BBVA,Yael Falcón,False,False,False,False,False
13,Group stage,1.0,2026-06-15,12:00,Belgium,Egypt,1,1,,,0,2,66775,Lumen Field,Ramon Abatti,False,False,False,False,False
14,Group stage,1.0,2026-06-15,12:00,Spain,Cabo Verde,0,0,,,0,0,67640,Mercedes-Benz Stadium,Adham Makhadmeh,False,False,False,False,False
15,Group stage,1.0,2026-06-15,18:00,Saudi Arabia,Uruguay,1,1,,,0,2,62764,Hard Rock Stadium,Maurizio Mariani,False,False,False,False,False
16,Group stage,1.0,2026-06-15,18:00,IR Iran,New Zealand,2,2,,,0,4,70108,SoFi Stadium,César Arturo Ramos,False,False,False,False,False
17,Group stage,1.0,2026-06-16,15:00,France,Senegal,3,1,,,2,4,80545,MetLife Stadium,Alireza Faghani,False,False,False,False,False
18,Group stage,1.0,2026-06-16,18:00,Iraq,Norway,1,4,,,-3,5,63106,Gillette Stadium,Pierre Ghislain Atcho,False,False,False,False,False
19,Group stage,1.0,2026-06-16,20:00,Argentina,Algeria,3,0,,,3,3,69045,GEHA Field at Arrowhead Stadium,Szymon Marciniak,False,False,False,False,False
20,Group stage,1.0,2026-06-16,21:00,Austria,Jordan,3,1,,,2,4,68527,Levi's Stadium,Dahane Beida,False,False,False,False,False
21,Group stage,1.0,2026-06-17,12:00,Portugal,Congo DR,1,1,,,0,2,68777,Reliant Stadium,Abdulrahman Ibrahim Al Jassim,False,False,False,False,False
22,Group stage,1.0,2026-06-17,15:00,England,Croatia,4,2,,,2,6,70389,AT&T Stadium,Clément Turpin,False,False,False,False,False
23,Group stage,1.0,2026-06-17,19:00,Ghana,Panama,1,0,,,1,1,42942,BMO Field,Glenn Nyberg,False,False,False,False,False
24,Group stage,1.0,2026-06-17,20:00,Uzbekistan,Colombia,1,3,,,-2,4,80824,Estadio Banorte,Anthony Taylor,False,False,False,False,False
25,Group stage,2.0,2026-06-18,12:00,Czechia,South Africa,1,1,,,0,2,67442,Mercedes-Benz Stadium,Tori Penso,False,False,False,False,False
26,Group stage,2.0,2026-06-18,12:00,Switzerland,Bosnia–Herz,4,1,,,3,5,70026,SoFi Stadium,João Pinheiro,False,False,False,False,False
27,Group stage,2.0,2026-06-18,15:00,Canada,Qatar,6,0,,,6,6,52497,BC Place Stadium,Cristián Garay,False,False,False,True,False
28,Group stage,2.0,2026-06-18,19:00,Mexico,Korea Republic,1,0,,,1,1,45522,Estadio Akron,Gustavo Tejera,False,False,False,True,False
29,Group stage,2.0,2026-06-19,12:00,USA,Australia,2,0,,,2,2,66925,Lumen Field,Felix Zwayer,False,False,False,True,False
30,Group stage,2.0,2026-06-19,18:00,Scotland,Morocco,0,1,,,-1,1,64146,Gillette Stadium,Ilgiz Tantashev,False,False,False,False,False
31,Group stage,2.0,2026-06-19,20:00,Türkiye,Paraguay,0,1,,,-1,1,68827,Levi's Stadium,Iván Barton,False,False,False,False,False
32,Group stage,2.0,2026-06-19,20:30,Brazil,Haiti,3,0,,,3,3,68324,Lincoln Financial Field,Alejandro Hernández,False,False,False,False,False
33,Group stage,2.0,2026-06-20,12:00,Netherlands,Sweden,5,1,,,4,6,68777,Reliant Stadium,Michael Oliver,False,False,False,False,False
34,Group stage,2.0,2026-06-20,16:00,Germany,Côte d'Ivoire,2,1,,,1,3,43036,BMO Field,Juan Gabriel Benítez,False,False,False,False,False
35,Group stage,2.0,2026-06-20,19:00,Ecuador,Curaçao,0,0,,,0,0,68598,GEHA Field at Arrowhead Stadium,Ma Ning,False,False,False,False,False
36,Group stage,2.0,2026-06-20,22:00,Tunisia,Japan,0,4,,,-4,4,51243,Estadio BBVA,István Kovács,False,False,False,False,False
37,Group stage,2.0,2026-06-21,12:00,Spain,Saudi Arabia,4,0,,,4,4,68239,Mercedes-Benz Stadium,Raphael Claus,False,False,False,False,False
38,Group stage,2.0,2026-06-21,12:00,Belgium,IR Iran,0,0,,,0,0,70317,SoFi Stadium,Darío Herrera,False,False,False,False,False
39,Group stage,2.0,2026-06-21,18:00,Uruguay,Cabo Verde,2,2,,,0,4,64003,Hard Rock Stadium,Espen Eskås,False,False,False,False,False
40,Group stage,2.0,2026-06-21,18:00,New Zealand,Egypt,1,3,,,-2,4,52497,BC Place Stadium,Omar Mohamed Al Ali,False,False,False,False,False
41,Group stage,2.0,2026-06-22,12:00,Argentina,Austria,2,0,,,2,2,70649,AT&T Stadium,Amin Omar,False,False,False,False,False
42,Group stage,2.0,2026-06-22,17:00,France,Iraq,3,0,,,3,3,68324,Lincoln Financial Field,Drew Fischer,False,False,False,False,False
43,Group stage,2.0,2026-06-22,20:00,Norway,Senegal,3,2,,,1,5,80663,MetLife Stadium,Wilton Sampaio,False,False,False,False,False
44,Group stage,2.0,2026-06-22,20:00,Jordan,Algeria,1,2,,,-1,3,68371,Levi's Stadium,Slavko Vinčič,False,False,False,False,False
45,Group stage,2.0,2026-06-23,12:00,Portugal,Uzbekistan,5,0,,,5,5,68777,Reliant Stadium,Jalal Jayed,False,False,False,False,False
46,Group stage,2.0,2026-06-23,16:00,England,Ghana,0,0,,,0,0,63983,Gillette Stadium,Said Martínez,False,False,False,False,False
47,Group stage,2.0,2026-06-23,19:00,Panama,Croatia,0,1,,,-1,1,43036,BMO Field,Pierre Ghislain Atcho,False,False,False,False,False
48,Group stage,2.0,2026-06-23,20:00,Colombia,Congo DR,1,0,,,1,1,45358,Estadio Akron,Maurizio Mariani,False,False,False,False,False
49,Group stage,3.0,2026-06-24,12:00,Switzerland,Canada,2,1,,,1,3,52497,BC Place Stadium,Ramon Abatti,False,False,False,False,True
50,Group stage,3.0,2026-06-24,12:00,Bosnia–Herz,Qatar,3,1,,,2,4,66925,Lumen Field,Jesús Valenzuela,False,False,False,False,False
51,Group stage,3.0,2026-06-24,18:00,Scotland,Brazil,0,3,,,-3,3,64478,Hard Rock Stadium,César Arturo Ramos,False,False,False,False,False
52,Group stage,3.0,2026-06-24,18:00,Morocco,Haiti,4,2,,,2,6,68239,Mercedes-Benz Stadium,Danny Makkelie,False,False,False,False,False
53,Group stage,3.0,2026-06-24,19:00,South Africa,Korea Republic,1,0,,,1,1,51243,Estadio BBVA,Facundo Tello,False,False,False,False,False
54,Group stage,3.0,2026-06-24,19:00,Czechia,Mexico,0,3,,,-3,3,80824,Estadio Banorte,Yael Falcón,False,False,False,False,True
55,Group stage,3.0,2026-06-25,16:00,Curaçao,Côte d'Ivoire,0,2,,,-2,2,68324,Lincoln Financial Field,Glenn Nyberg,False,False,False,False,False
56,Group stage,3.0,2026-06-25,16:00,Ecuador,Germany,2,1,,,1,3,80663,MetLife Stadium,Tori Penso,False,False,False,False,False
57,Group stage,3.0,2026-06-25,18:00,Tunisia,Netherlands,1,3,,,-2,4,68391,GEHA Field at Arrowhead Stadium,Katia García,False,False,False,False,False
58,Group stage,3.0,2026-06-25,18:00,Japan,Sweden,1,1,,,0,2,70137,AT&T Stadium,Iván Barton,False,False,False,False,False
59,Group stage,3.0,2026-06-25,19:00,Türkiye,USA,3,2,,,1,5,70492,SoFi Stadium,Mustapha Ghorbal,False,False,False,False,True
60,Group stage,3.0,2026-06-25,19:00,Paraguay,Australia,0,0,,,0,0,68827,Levi's Stadium,Clément Turpin,False,False,False,False,False
61,Group stage,3.0,2026-06-26,15:00,Norway,France,1,4,,,-3,5,64146,Gillette Stadium,Michael Oliver,False,False,False,False,False
62,Group stage,3.0,2026-06-26,15:00,Senegal,Iraq,5,0,,,5,5,43036,BMO Field,Anthony Taylor,False,False,False,False,False
63,Group stage,3.0,2026-06-26,18:00,Uruguay,Spain,0,1,,,-1,1,45065,Estadio Akron,Ismail Elfath,False,False,False,False,False
64,Group stage,3.0,2026-06-26,19:00,Cabo Verde,Saudi Arabia,0,0,,,0,0,68278,Reliant Stadium,François Letexier,False,False,False,False,False
65,Group stage,3.0,2026-06-26,20:00,Egypt,IR Iran,1,1,,,0,2,66925,Lumen Field,Szymon Marciniak,False,False,False,False,False
66,Group stage,3.0,2026-06-26,20:00,New Zealand,Belgium,1,5,,,-4,6,52497,BC Place Stadium,Adham Makhadmeh,False,False,False,False,False
67,Group stage,3.0,2026-06-27,17:00,Croatia,Ghana,2,1,,,1,3,68324,Lincoln Financial Field,Drew Fischer,False,False,False,False,False
68,Group stage,3.0,2026-06-27,17:00,Panama,England,0,2,,,-2,2,80663,MetLife Stadium,Abdulrahman Ibrahim Al Jassim,False,False,False,False,False
69,Group stage,3.0,2026-06-27,19:30,Congo DR,Uzbekistan,3,1,,,2,4,68239,Mercedes-Benz Stadium,Felix Zwayer,False,False,False,False,False
70,Group stage,3.0,2026-06-27,19:30,Colombia,Portugal,0,0,,,0,0,64478,Hard Rock Stadium,Alireza Faghani,False,False,False,False,False
71,Group stage,3.0,2026-06-27,21:00,Jordan,Argentina,1,3,,,-2,4,70649,AT&T Stadium,István Kovács,False,False,False,False,False
72,Group stage,3.0,2026-06-27,21:00,Algeria,Austria,3,3,,,0,6,69045,GEHA Field at Arrowhead Stadium,Ilgiz Tantashev,False,False,False,False,False
73,Round of 32,,2026-06-28,12:00,South Africa,Canada,0,1,,,-1,1,69237,SoFi Stadium,João Pinheiro,False,False,True,False,True
74,Round of 32,,2026-06-29,12:00,Brazil,Japan,2,1,,,1,3,68777,Reliant Stadium,Maurizio Mariani,False,False,True,False,False
75,Round of 32,,2026-06-29,16:30,Germany,Paraguay,1,1,3.0,4.0,0,2,63945,Gillette Stadium,Jalal Jayed,True,True,True,False,False
76,Round of 32,,2026-06-29,19:00,Netherlands,Morocco,1,1,2.0,3.0,0,2,51243,Estadio BBVA,Wilton Sampaio,True,True,True,False,False
77,Round of 32,,2026-06-30,12:00,Côte d'Ivoire,Norway,1,2,,,-1,3,69665,AT&T Stadium,Jesús Valenzuela,False,False,True,False,False
78,Round of 32,,2026-06-30,17:00,France,Sweden,3,0,,,3,3,80663,MetLife Stadium,Danny Makkelie,False,False,True,False,False
79,Round of 32,,2026-06-30,20:00,Mexico,Ecuador,2,0,,,2,2,80824,Estadio Banorte,Slavko Vinčič,False,False,True,True,False
80,Round of 32,,2026-07-01,12:00,England,Congo DR,2,1,,,1,3,68239,Mercedes-Benz Stadium,Adham Makhadmeh,False,False,True,False,False
81,Round of 32,,2026-07-01,13:00,Belgium,Senegal,3,2,,,1,5,66925,Lumen Field,Said Martínez,True,False,True,False,False
82,Round of 32,,2026-07-01,17:00,USA,Bosnia–Herz,2,0,,,2,2,68827,Levi's Stadium,Raphael Claus,False,False,True,True,False
83,Round of 32,,2026-07-02,12:00,Spain,Austria,3,0,,,3,3,70492,SoFi Stadium,Glenn Nyberg,False,False,True,False,False
84,Round of 32,,2026-07-02,19:00,Portugal,Croatia,2,1,,,1,3,43036,BMO Field,Espen Eskås,False,False,True,False,False
85,Round of 32,,2026-07-02,20:00,Switzerland,Algeria,2,0,,,2,2,52497,BC Place Stadium,Yael Falcón,False,False,True,False,False
86,Round of 32,,2026-07-03,13:00,Australia,Egypt,1,1,2.0,4.0,0,2,70244,AT&T Stadium,Gustavo Tejera,True,True,True,False,False
87,Round of 32,,2026-07-03,18:00,Argentina,Cabo Verde,3,2,,,1,5,64478,Hard Rock Stadium,Drew Fischer,True,False,True,False,False
88,Round of 32,,2026-07-03,20:30,Colombia,Ghana,1,0,,,1,1,69045,GEHA Field at Arrowhead Stadium,Clément Turpin,False,False,True,False,False
89,Round of 16,,2026-07-04,12:00,Canada,Morocco,0,3,,,-3,3,68777,Reliant Stadium,Michael Oliver,False,False,True,True,False
90,Round of 16,,2026-07-04,17:00,Paraguay,France,0,1,,,-1,1,68324,Lincoln Financial Field,Ilgiz Tantashev,False,False,True,False,False
91,Round of 16,,2026-07-05,16:00,Brazil,Norway,1,2,,,-1,3,80663,MetLife Stadium,Ismail Elfath,False,False,True,False,False
92,Round of 16,,2026-07-05,19:00,Mexico,England,2,3,,,-1,5,80824,Estadio Banorte,Alireza Faghani,False,False,True,True,False
93,Round of 16,,2026-07-06,14:00,Portugal,Spain,0,1,,,-1,1,70649,AT&T Stadium,Anthony Taylor,False,False,True,False,False
94,Round of 16,,2026-07-06,17:00,USA,Belgium,1,4,,,-3,5,66925,Lumen Field,Adham Makhadmeh,False,False,True,True,False
95,Round of 16,,2026-07-07,12:00,Argentina,Egypt,3,2,,,1,5,68239,Mercedes-Benz Stadium,François Letexier,False,False,True,False,False
96,Round of 16,,2026-07-07,13:00,Switzerland,Colombia,0,0,4.0,3.0,0,0,52497,BC Place Stadium,Iván Barton,True,True,True,False,False
97,Quarter-finals,,2026-07-09,16:00,France,Morocco,2,0,,,2,2,63811,Gillette Stadium,Facundo Tello,False,False,True,False,False
98,Quarter-finals,,2026-07-10,12:00,Spain,Belgium,2,1,,,1,3,70492,SoFi Stadium,Michael Oliver,False,False,True,False,False
99,Quarter-finals,,2026-07-11,17:00,Norway,England,1,2,,,-1,3,64478,Hard Rock Stadium,Clément Turpin,True,False,True,False,False
100,Quarter-finals,,2026-07-11,20:00,Argentina,Switzerland,3,1,,,2,4,69045,GEHA Field at Arrowhead Stadium,João Pinheiro,True,False,True,False,False
101,Semi-finals,,2026-07-14,14:00,France,Spain,0,2,,,-2,2,70176,AT&T Stadium,Iván Barton,False,False,True,False,False
102,Semi-finals,,2026-07-15,15:00,England,Argentina,1,2,,,-1,3,68239,Mercedes-Benz Stadium,Ismail Elfath,False,False,True,False,False
103,Third-place match,,2026-07-18,17:00,France,England,4,6,,,-2,10,64478,Hard Rock Stadium,Jesús Valenzuela,False,False,True,False,False
104,Final,,2026-07-19,15:00,Spain,Argentina,1,0,,,1,1,80663,MetLife Stadium,Slavko Vinčič,True,False,True,False,False
